Rank,Expert,Theme,Recommendation,Slides,Rationale,Priority,Final_Score
1,Maria Venture - Entrepreneurship & Strategy,Financial Projections,"Revise and de-risk the financial projections. A 27x return in 3 years is exceptionally aggressive and requires stronger validation. Present a phased rollout of the 5-pillar model, perhaps focusing on 1-2 pillars initially to demonstrate traction and validate assumptions before projecting full-scale deployment. This grounds the ambitious vision in a more believable execution reality.",Slides 25-35 (Financials & Ask),"Unrealistic or poorly substantiated financial claims are a major red flag for VCs and can immediately erode credibility. A more conservative, phased projection builds trust and shows disciplined, realistic planning.",Critical,4.0
2,Jennifer CFO - Chief Financial Officer Expert,Financial Projections,"Substantiate the financial projections by adding a detailed 'Financial Assumptions' slide. This slide should explicitly break down the key drivers for each of the five revenue pillars, including volume, pricing, market share, and patient adoption rate assumptions for the 3-year forecast.",Slides 25-26,"This will significantly enhance the credibility of the financial model, allowing investors to validate the achievability of the projections. It demonstrates rigorous bottom-up planning and a deep understanding of market dynamics.",Critical,4.0
3,Rachel Regulatory - Regulatory Affairs Expert,Financial Projections,"Detail the specific regulatory approval pathway for each of the five revenue pillars, including expected timelines, key milestones, and current engagement status with UAE health authorities. A clear roadmap for each revenue stream is needed, not just a reference to the new law.",Slides 12-24 (Unfair Advantage & Solution) and 36-45 (Appendices),"This provides tangible evidence of a de-risked regulatory strategy, moving beyond just citing the new law, which builds investor confidence in the company's ability to execute and generate revenue.",Critical,4.0
4,Nina Nano - Biotech & Life Sciences,Clinical/Scientific Detail,"Create a dedicated slide on the Intellectual Property (IP) strategy. This slide should clearly define the nature of the IP being transferred from Celadon Pharmaceuticals (e.g., patents, manufacturing processes, cultivation genetics) and outline the go-forward strategy for protecting new IP generated from the R&D and clinical trial activities in the UAE.",Slides 12-24 (Unfair Advantage & Solution),"A robust IP portfolio is the cornerstone of any biotech valuation. Detailing the IP strategy provides confidence that the company can build a defensible competitive advantage and secure its market position, which is essential for a high-value exit.",Critical,3.71
5,Fatima Al-Hassan - GCC & Middle East Investment Expert,Clinical/Scientific Detail,"Substantiate the 'Government backing from Ajman Royal Family' by clearly defining the nature of the relationship. Specify if it is an equity partnership, a formal endorsement, or a strategic alliance, and include a dedicated slide with a direct quote or official statement to add weight.",Slides 3-5 (Thesis) & 12-14 (Unfair Advantage),Vague claims of government support are a red flag for regional investors. Providing concrete evidence builds immense credibility and de-risks the investment in their eyes.,Critical,3.71
6,Nina Nano - Biotech & Life Sciences,Deck Length/Structure,"Elaborate significantly on the clinical development pipeline. Dedicate specific slides to detail the initial therapeutic targets for the planned clinical trials, the scientific rationale for their selection, and the proposed trial design (e.g., Phase I/II, patient population, primary endpoints). The term 'data moat' needs to be substantiated with a clear strategy for how genomic and clinical data will generate novel IP.",Slides 12-24 (Unfair Advantage & Solution) and Slides 36-45 (Appendices),"Biotech investors invest in the science and its clinical application. A clear, credible clinical strategy validates the long-term value proposition beyond basic manufacturing and demonstrates a sophisticated understanding of the drug development process, significantly de-risking the investment.",Critical,3.27
7,Nova Storyweaver - Storytelling & Narrative Expert,Deck Length/Structure,"Condense the core presentation from 45 slides to a more impactful 20-25 slides. Move the 'Design & Visual Principles' section and other detailed supporting data (like full team bios) to the appendices. The main deck should be a fast-paced, compelling narrative, not an exhaustive reference document.",All slides,"Investors have limited time and attention. A shorter, narrative-driven pitch is more memorable and impactful, ensuring the core message isn't lost in excessive detail.",Critical,3.27
8,Philip Strategy - Strategic Planning Expert,Deck Length/Structure,"Condense the core narrative from 45 slides to a more impactful 20-25 slides. The main deck should tell a crisp, linear story, with detailed financial models, full team bios, and design guidelines moved to the appendices.",All slides (restructure entire deck),"Series A investors are time-constrained and value clarity. A shorter, more focused narrative demonstrates strategic discipline and ensures the core investment thesis is not lost in excessive detail.",Critical,3.27
9,Maria Venture - Entrepreneurship & Strategy,Deck Length/Structure,Condense the core narrative to 15-20 slides. The current 45-slide structure is far too long for a Series A pitch and risks losing investor attention. Remove the 'Design & Visual Principles' section and integrate the most critical information from the appendices into the main body to create a more focused and impactful story.,All slides,Investors have limited time; a concise and powerful narrative that gets straight to the point is crucial for maintaining engagement and ensuring the key messages are absorbed.,Critical,3.27
10,Jennifer CFO - Chief Financial Officer Expert,Financial Projections,"Strengthen the exit strategy by including a 'Valuation & Exit Analysis' slide. This should feature comparable company analysis (public comps, precedent M&A transactions) from the pharma and cannabis sectors to justify the valuation multiples used for the projected $328M+ valuation and exit scenarios.",Slide 33 (before 'Exit Strategy'),"This grounds the ambitious exit valuations in market realities, making the 27x return projection more defensible. It shows a sophisticated approach to valuation and a clear understanding of the M&A landscape.",High,3.0
11,Nova Storyweaver - Storytelling & Narrative Expert,Financial Projections,"Introduce a powerful, patient-centric narrative at the beginning of the deck. Instead of a dry executive summary, start with a relatable story of a patient in the MENA region whose life could be transformed by this initiative. This creates an immediate emotional hook and provides a 'why' that transcends financials.",Slides 1-5,"Investors invest in people and stories, not just numbers. A patient-centric narrative creates an emotional connection, making the investment more compelling and demonstrating the venture's real-world significance.",High,3.0
12,Nina Nano - Biotech & Life Sciences,Financial Projections,"Revise financial projections and exit valuations to align with biotech industry benchmarks. The model should incorporate risk-adjustments for clinical trial outcomes and provide a more conservative, phased valuation growth tied to specific clinical and regulatory milestones, not just top-line revenue.",Slides 25-35 (Financials & Ask),"Grounded, benchmarked financials build credibility and trust. Unrealistic projections can undermine the entire investment case, whereas a risk-adjusted model shows foresight and a realistic understanding of the inherent risks in drug development.",High,3.0
13,Nova Storyweaver - Storytelling & Narrative Expert,Financial Projections,"Simplify the '5-Pillar Revenue Model' into a more digestible '3-Phase Growth' story. For example: Phase 1: Establish & Export (Manufacturing, Testing), Phase 2: Dominate Domestic Market (LVL Health Sales), Phase 3: Innovate & Lead (R&D, Clinical Trials). This reframes a complex operational plan into a clear, sequential growth narrative.","Slides 12-24, 25-35","A simplified model is easier for investors to understand, remember, and trust. It focuses their attention on the most significant revenue drivers, making the 27x return projection feel more attainable.",High,3.0
14,Philip Strategy - Strategic Planning Expert,Financial Projections,"Reframe the 'Five Pillars' as a phased, synergistic strategy. Position Manufacturing for Export and Regulatory Testing as Phase 1 to establish core operations and revenue, which then funds the expansion into UAE Sales, R&D, and Clinical Trials in Phase 2.",Slides 12-24 (Unfair Advantage & Solution) and Slides 25-35 (Financials),"This approach de-risks the plan by showing a logical, phased rollout rather than trying to build five business units simultaneously. It demonstrates operational prudence and a clear path to generating foundational revenue before expanding into higher-risk R&D and clinical trials.",High,3.0
15,Simon Brand - Brand Strategy Expert,Financial Projections,"Develop a core visual motif or a recurring infographic style that represents the '5 Pillars' revenue model. This element should be introduced early and used consistently across the deck to visually connect the problem, solution, and financial projections, creating a memorable narrative thread.","All slides, with introduction in Slides 1-5 and reinforcement in Sections 3 & 4.","A strong visual narrative makes a complex investment case more understandable, memorable, and persuasive. It demonstrates strategic brand thinking, which builds investor confidence in the team's ability to execute.",High,3.0
16,Fatima Al-Hassan - GCC & Middle East Investment Expert,Clinical/Scientific Detail,"Rebalance the narrative to highlight the strength and autonomy of the local UAE leadership team. While the Celadon UK JV is a crucial advantage, dedicate more space to the local team's execution capabilities, regional experience, and their specific roles in navigating the MENA market.",Slides 12-24 (Team & Solution sections),"While the UK partnership is a key asset, GCC investors invest in local leadership. Showcasing a strong, autonomous UAE-based team inspires confidence in execution.",High,2.78
17,Simon Brand - Brand Strategy Expert,Clinical/Scientific Detail,"Create a dedicated brand architecture slide in the introductory section to visually map the relationship between Celadon Ajman, the UK partner Celadon Pharmaceuticals, and the consumer-facing brand, LVL Health. This diagram should clearly define the role and equity of each entity.","Section 1: Setup & Thesis (e.g., Slide 4 or 5)","Investors need to understand the corporate and brand structure immediately to assess risk, value, and go-to-market strategy. Clarity here prevents confusion and demonstrates a well-defined brand strategy.",High,2.78
18,Philip Strategy - Strategic Planning Expert,Clinical/Scientific Detail,"Substantiate the 'Unfair Advantage' claims with concrete evidence. Include a dedicated slide detailing the key terms of the Celadon UK IP transfer, and add a slide with a formal letter of support or statement from the Ajman Royal Family office to solidify government backing.",Slides 12-24 (Unfair Advantage & Solution),"Vague claims of 'partnership' or 'backing' are red flags for investors. Providing concrete, verifiable evidence transforms these claims into defensible strategic assets, significantly strengthening the credibility of the investment case.",High,2.78
19,Maria Venture - Entrepreneurship & Strategy,Clinical/Scientific Detail,"Provide concrete evidence for the 'Unfair Advantage' claims. The 'government backing' and the Celadon JV are powerful assets but need substantiation. Include a slide with specific, verifiable details, such as key terms of the IP transfer from Celadon or a formal letter of support from the Ajman government. This will add significant weight to your claims.",Slides 12-24 (Unfair Advantage & Solution),Vague claims about strategic advantages are dismissed as 'hand-waving.' Providing concrete evidence of these partnerships and backing transforms them from claims into bankable assets that de-risk the investment.,High,2.78
20,Jennifer CFO - Chief Financial Officer Expert,Other,"Introduce a detailed 'Use of Funds' slide that clearly allocates the $12M Series A capital. The breakdown should cover major categories such as facility construction (CapEx), operational runway (OpEx), R&D programs, and market access, linking expenditure to specific milestones over an 18-24 month timeline.",Slide 34 (after the 'Ask' slide),This provides investors with crucial transparency into capital efficiency and the operational plan. It demonstrates disciplined financial management and a clear roadmap for execution.,Critical,2.55
21,Fatima Al-Hassan - GCC & Middle East Investment Expert,Deck Length/Structure,"Temper the exit valuation multiples and provide specific, comparable transactions from the MENA region, if available. The current projections seem based on US/EU markets; justifying the $700M+ strategic acquisition or a $620M+ ADX IPO requires local market data and precedents to be credible.",Slides 25-35 (Financials & Ask),The proposed exit valuations are more aligned with mature Western markets. Grounding the exit strategy in regional precedents and data will make the financial projections far more believable and attractive.,High,2.45
22,Jennifer CFO - Chief Financial Officer Expert,Financial Projections,"Incorporate a sensitivity analysis for the key financial projections. This analysis should model how variations in key assumptions (e.g., regulatory delays, lower market penetration, or price compression) would impact revenue and EBITDA, showing downside, base, and upside scenarios.",Slide 27,"This demonstrates foresight and proactive risk management, which is highly valued by investors. It provides a more realistic view of potential outcomes and strengthens confidence in the management team's ability to navigate uncertainty.",Medium,2.0
23,Philip Strategy - Strategic Planning Expert,Financial Projections,"Strengthen the financial projections by clearly defining the Total Addressable Market (TAM) for each of the five pillars. Provide a detailed justification for the 47% EBITDA margin, referencing industry benchmarks or specific advantages from the Celadon UK partnership.",Slides 25-35 (Financials & Ask),"The 27x return projection is exceptionally high and will attract intense scrutiny. Grounding the financial model in tangible, addressable market segments and providing clear justification for the high EBITDA margin will make the projections more credible and defensible.",Medium,2.0
24,Rachel Regulatory - Regulatory Affairs Expert,Evidence/Substantiation,"Substantiate the claim of 'Government backing' with specific, verifiable evidence. This could include a formal letter of support, a signed MOU, or details of a specific member of the Royal Family serving on an advisory board.",Slides 1-5 (Setup & Thesis) and 12-24 (Unfair Advantage & Solution),"Vague claims of government support can be perceived as a risk. Providing concrete evidence transforms this from a potential liability into a significant, defensible asset, assuring investors of political stability and support.",High,1.91
25,Maria Venture - Entrepreneurship & Strategy,Clinical/Scientific Detail,"Elaborate on the 'data moat' strategy. Move beyond the buzzword and detail the specific types of genomic and clinical data to be collected, the methodology for collection and analysis, and the clear pathways to monetization or competitive advantage. Explain how this data will create a tangible, defensible barrier to entry for future competitors.",Slides 12-24 (Unfair Advantage & Solution),"A 'data moat' is a powerful concept, but it's a buzzword without a clear strategy. Detailing the 'how' demonstrates a deeper level of strategic thinking and a tangible plan to create long-term, defensible value.",Medium,1.85
26,Nina Nano - Biotech & Life Sciences,Clinical/Scientific Detail,"Strengthen the team presentation by explicitly highlighting experience in clinical trial management, regulatory affairs (specifically with bodies like the FDA/EMA), and pharmaceutical product commercialization. If there are gaps, acknowledge them and specify how the $12M raise will be used to hire key personnel with this expertise.",Slides 22-23 (Team) and Slide 30 (Use of Funds),A team with demonstrated clinical and regulatory experience is non-negotiable for biotech investors. Highlighting this expertise directly addresses concerns about execution risk and the ability to navigate the complex path from lab to market.,Medium,1.85
27,Nova Storyweaver - Storytelling & Narrative Expert,Clinical/Scientific Detail,"Re-brand the 'Unfair Advantage' section to 'Our Narrative of Inevitability'. Frame the story around three core pillars: The Right Partner (Celadon IP), The Right Place (UAE/Ajman), and The Right Time (Legal & Political Catalyst). This creates a powerful sense of momentum and makes success feel like a foregone conclusion.",Slides 12-24,"This reframes the venture from a complex operational plan to a clear, powerful investment story. It immediately answers the 'Why you?' and 'Why now?' questions with a memorable and confident narrative hook.",Medium,1.85
28,Fatima Al-Hassan - GCC & Middle East Investment Expert,Deck Length/Structure,"Weave a stronger narrative around how Celadon Ajman aligns with the UAE's national strategic priorities, such as the 'We the UAE 2031' vision or the focus on creating a world-class healthcare and knowledge-based economy. This demonstrates a deeper understanding of the local context beyond the immediate business case.",Slides 1-5 (Vision & Thesis),Investors in the region are looking for alignment with national strategic goals. Explicitly connecting the venture to the UAE's vision for economic diversification and healthcare leadership strengthens the narrative and demonstrates long-term alignment.,Medium,1.64
29,Simon Brand - Brand Strategy Expert,Narrative/Storytelling,"Elevate the 'real photography' guideline by commissioning a photoshoot or creating highly realistic composites that showcase the actual team, the proposed Ajman facility, and the Emirati context. Avoid generic stock photos and instead, create a proprietary visual library that tells a unique and authentic brand story.","All slides, especially those in Sections 1, 3, and the Appendices.","Authentic, emotionally resonant imagery builds trust and makes the brand's vision feel more tangible and real. It elevates the brand from a concept to a credible, human-centric enterprise.",Medium,1.27
30,Rachel Regulatory - Regulatory Affairs Expert,Regulatory Strategy,"Create a dedicated slide on 'Regulatory Risk Mitigation' that outlines a comprehensive compliance framework. This should detail plans for data privacy (for the 'data moat'), quality control for manufacturing, and adherence to international pharmaceutical standards.",Slides 25-35 (Financials & Ask),"This demonstrates a proactive approach to compliance and risk management, showing investors that the company is prepared for the operational realities of a highly regulated industry.",Medium,1.27
